Rank,Representative,Party,District,Birth Date,Seniority Date,End Date,Death,Midterm Resign,Retired,Other Office,Defeated In Primary,Defeated In General,Reelected,Status
,John Dingell,D,Michigan?12,"July 8, 1926","December 13, 1955","January 3, 2015",,,1,,,,0,3
,John Conyers,D,Michigan?13,"May 16, 1929","January 3, 1965","December 5, 2017",,1,,,,,0,2
,Charles Rangel,D,New York?13,"June 11, 1930","January 3, 1971","January 3, 2017",,,1,,,,0,3
,Bill Young,R,Florida?13,"December 16, 1930","January 3, 1971","October 18, 2013",,1,,,,,0,2
1,Don Young,R,Alaska?AL,"June 9, 1933","March 6, 1973","March 18, 2022",1,,,,,,0,1
,Henry Waxman,D,California?33,"September 12, 1939","January 3, 1975","January 3, 2015",,,1,,,,0,3
,George Miller,D,California?11,"May 17, 1945","January 3, 1975","January 3, 2015",,,1,,,,0,3
,Ed Markey,D,Massachusetts?5,"July 11, 1946","November 2, 1976","July 15, 2013",,,,1,,,0,4
,Nick Rahall,D,West Virginia?3,"May 20, 1949","January 3, 1977","January 3, 2015",,,,,,1,0,6
,Jim Sensenbrenner,R,Wisconsin?5,"June 14, 1943","January 3, 1979","January 3, 2021",,,1,,,,0,3
,Tom Petri,R,Wisconsin?6,"May 28, 1940","April 3, 1979","January 3, 2015",,,1,,,,0,3
,Ralph Hall,R,Texas?4,"May 3, 1923","January 3, 1981","January 3, 2015",,,,,1,,0,5
,Frank Wolf,R,Virginia?10,"January 30, 1939","January 3, 1981","January 3, 2015",,,1,,,,0,3
2,Hal Rogers,R,Kentucky?5,"December 31, 1937","January 3, 1981",,,,,,,,1,0
3,Chris Smith,R,New Jersey?4,"March 4, 1953","January 3, 1981",,,,,,,,1,0
4,Steny Hoyer,D,Maryland?5,"June 14, 1939","May 19, 1981",,,,,,,,1,0
,Sander Levin,D,Michigan?9,"September 6, 1931","January 3, 1983","January 3, 2019",,,1,,,,0,3
5,Marcy Kaptur,D,Ohio?9,"June 17, 1946","January 3, 1983",,,,,,,,1,0
,Howard Coble,R,North Carolina?6,"March 18, 1931","January 3, 1985","January 3, 2015",,,1,,,,0,3
,Lamar Smith,R,Texas?21,"November 19, 1947","January 3, 1985","January 3, 2019",,,1,,,,0,3
,Joe Barton,R,Texas?6,"September 15, 1949","January 3, 1985","January 3, 2019",,,1,,,,0,3
,Pete Visclosky,D,Indiana?1,"August 13, 1949","January 3, 1985","January 3, 2021",,,1,,,,0,3
,Louise Slaughter,D,New York?25,"August 14, 1929","January 3, 1985","January 3, 2019",1,,,,,,0,1
6,Peter DeFazio,D,Oregon?4,"May 27, 1947","January 3, 1987",,,,1,,,,0,3
7,Fred Upton,R,Michigan?6,"April 23, 1953","January 3, 1987",,,,1,,,,0,3
,John Lewis,D,Georgia?5,"February 21, 1940","January 3, 1987","July 17, 2020",,1,,,,,0,2
8,Nancy Pelosi,D,California?12,"March 26, 1940","June 2, 1987",,,,,,,,1,0
,Dana Rohrabacher,R,California?48,"June 21, 1947","November 8, 1988","January 3, 2019",,,,,,1,0,6
,Jimmy Duncan,R,Tennessee?2,"July 21, 1947","November 8, 1988","January 3, 2019",,,1,,,,0,3
9,Frank Pallone,D,New Jersey?6,"October 30, 1951","November 8, 1988",,,,,,,,1,0
,Eliot Engel,D,New York?16,"February 18, 1947","January 3, 1989","January 3, 2021",,,,,1,,0,5
,Jim McDermott,D,Washington?7,"December 28, 1936","January 3, 1989","January 3, 2017",,,1,,,,0,3
,Nita Lowey,D,New York?17,"July 5, 1937","January 3, 1989","January 3, 2021",,,1,,,,0,3
10,Richard Neal,D,Massachusetts?1,"February 14, 1949","January 3, 1989",,,,,,,,1,0
,Ileana Ros-Lehtinen,R,Florida?27,"July 15, 1952","August 29, 1989","January 3, 2019",,,1,,,,0,3
,Jos? E. Serrano,D,New York?15,"October 24, 1943","March 20, 1990","January 3, 2021",,,1,,,,0,3
,Rob Andrews,D,New Jersey?1,"August 4, 1957","November 6, 1990","February 18, 2014",,1,,,,,0,2
,Collin Peterson,D,Minnesota?7,"June 29, 1944","January 3, 1991","January 3, 2021",,,,,,1,0,6
,Jim Moran,D,Virginia?8,"May 16, 1945","January 3, 1991","January 3, 2015",,,1,,,,0,3
,Dave Camp,R,Michigan?4,"July 9, 1953","January 3, 1991","January 3, 2015",,,1,,,,0,3
,John Boehner,R,Ohio?8,"November 17, 1949","January 3, 1991","October 31, 2015",,1,,,,,0,2
13,Maxine Waters,D,California?43,"August 15, 1938","January 3, 1991",,,,,,,,1,0
12,Rosa DeLauro,D,Connecticut?3,"March 2, 1943","January 3, 1991",,,,,,,,1,0
,Sam Johnson,R,Texas?3,"October 11, 1930","May 8, 1991","January 3, 2019",,,1,,,,0,3
,Ed Pastor,D,Arizona?7,"June 28, 1943","October 3, 1991","January 3, 2015",,,1,,,,0,3
14,Jerry Nadler,D,New York?10,"June 13, 1947","November 3, 1992",,,,,,,,1,0
,John Mica,R,Florida?7,"January 27, 1943","January 3, 1993","January 3, 2017",,,,,,1,0,6
,Corrine Brown,D,Florida?5,"November 11, 1946","January 3, 1993","January 3, 2017",,,,,1,,0,5
22,Carolyn Maloney,D,New York?12,"February 19, 1946","January 3, 1993",,,,,,1,,0,5
,Jack Kingston,R,Georgia?1,"April 24, 1955","January 3, 1993","January 3, 2015",,,,1,,,0,4
,Xavier Becerra,D,California?34,"January 26, 1958","January 3, 1993","January 24, 2017",,,,1,,,0,4
,Buck McKeon,R,California?25,"September 9, 1938","January 3, 1993","January 3, 2015",,,1,,,,0,3
,Spencer Bachus,R,Alabama?6,"December 28, 1947","January 3, 1993","January 3, 2015",,,1,,,,0,3
,Rodney Frelinghuysen,R,New Jersey?11,"April 29, 1946","January 3, 1993","January 3, 2019",,,1,,,,0,3
,Frank LoBiondo,R,New Jersey?2,"May 12, 1946","January 3, 1993","January 3, 2019",,,1,,,,0,3
,Gene Green,D,Texas?29,"October 17, 1947","January 3, 1993","January 3, 2019",,,1,,,,0,3
,Ed Royce,R,California?39,"October 12, 1951","January 3, 1993","January 3, 2019",,,1,,,,0,3
,Bob Goodlatte,R,Virginia?6,"September 22, 1952","January 3, 1993","January 3, 2019",,,1,,,,0,3
,Luis Guti?rrez,D,Illinois?4,"December 10, 1953","January 3, 1993","January 3, 2019",,,1,,,,0,3
,Peter T. King,R,New York?2,"April 5, 1944","January 3, 1993","January 3, 2021",,,1,,,,0,3
21,Eddie Bernice Johnson,D,Texas?30,"December 3, 1935","January 3, 1993",,,,1,,,,0,3
23,Lucille Roybal-Allard,D,California?40,"June 12, 1941","January 3, 1993",,,,1,,,,0,3
24,Bobby Rush,D,Illinois?1,"November 23, 1946","January 3, 1993",,,,1,,,,0,3
,Mel Watt,D,North Carolina?12,"August 26, 1945","January 3, 1993","January 6, 2014",,1,,,,,0,2
20,Alcee Hastings,D,Florida?20,"September 5, 1936","January 3, 1993","April 6, 2021",1,,,,,,0,1
18,Jim Clyburn,D,South Carolina?6,"July 21, 1940","January 3, 1993",,,,,,,,1,0
19,Anna Eshoo,D,California?18,"December 13, 1942","January 3, 1993",,,,,,,,1,0
16,Sanford Bishop,D,Georgia?2,"February 4, 1947","January 3, 1993",,,,,,,,1,0
25,Bobby Scott,D,Virginia?3,"April 30, 1947","January 3, 1993",,,,,,,,1,0
26,Nydia Vel?zquez,D,New York?7,"March 28, 1953","January 3, 1993",,,,,,,,1,0
17,Ken Calvert,R,California?42,"June 8, 1953","January 3, 1993",,,,,,,,1,0
27,Bennie Thompson,D,Mississippi?2,"January 28, 1948","April 13, 1993",,,,,,,,1,0
,Sam Farr,D,California?20,"July 4, 1941","June 8, 1993","January 3, 2017",,,1,,,,0,3
28,Frank Lucas,R,Oklahoma?3,"January 6, 1960","May 10, 1994",,,,,,,,1,0
46,Steve Chabot,R,Ohio?1,"January 22, 1953","January 3, 1995",,,,,,,1,0,6
,Chaka Fattah,D,Pennsylvania?2,"November 21, 1956","January 3, 1995","June 23, 2016",,,,,1,,0,5
,Doc Hastings,R,Washington?4,"February 7, 1941","January 3, 1995","January 3, 2015",,,1,,,,0,3
,Tom Latham,R,Iowa?3,"July 14, 1948","January 3, 1995","January 3, 2015",,,1,,,,0,3
,Ed Whitfield,R,Kentucky?1,"May 25, 1943","January 3, 1995","September 6, 2016",,,1,,,,0,3
,Mac Thornberry,R,Texas?13,"July 15, 1958","January 3, 1995","January 3, 2021",,,1,,,,0,3
30,Mike Doyle,D,Pennsylvania?18,"August 5, 1953","January 3, 1995",,,,1,,,,0,3
,Walter B. Jones Jr.,R,North Carolina?3,"February 10, 1943","January 3, 1995","February 10, 2019",1,,,,,,0,1
29,Lloyd Doggett,D,Texas?35,"October 6, 1946","January 3, 1995",,,,,,,,1,0
32,Zoe Lofgren,D,California?19,"December 21, 1947","January 3, 1995",,,,,,,,1,0
31,Sheila Jackson Lee,D,Texas?18,"January 12, 1950","January 3, 1995",,,,,,,,1,0
,Elijah Cummings,D,Maryland?7,"January 18, 1951","April 16, 1996","October 17, 2019",,,,1,,,0,4
33,Earl Blumenauer,D,Oregon?3,"August 16, 1948","May 21, 1996",,,,,,,,1,0
,Jo Ann Emerson,R,Missouri?8,"September 16, 1950","November 5, 1996","January 22, 2013",,1,,,,,0,2
,John F. Tierney,D,Massachusetts?6,"September 18, 1951","January 3, 1997","January 3, 2015",,,,,1,,0,5
,Loretta Sanchez,D,California?46,"January 7, 1960","January 3, 1997","January 3, 2017",,,,1,,,0,4
,Carolyn McCarthy,D,New York?4,"January 5, 1944","January 3, 1997","January 3, 2015",,,1,,,,0,3
,Mike McIntyre,D,North Carolina?7,"August 6, 1956","January 3, 1997","January 3, 2015",,,1,,,,0,3
,Joe Pitts,R,Pennsylvania?16,"October 10, 1939","January 3, 1997","January 3, 2017",,,1,,,,0,3
,Rub?n Hinojosa,D,Texas?15,"August 20, 1940","January 3, 1997","January 3, 2017",,,1,,,,0,3
,John Shimkus,R,Illinois?15,"February 21, 1958","January 3, 1997","January 3, 2021",,,1,,,,0,3
11,David Price,D,North Carolina?4,"August 17, 1940","January 3, 1997",,,,1,,,,0,3
35,Kevin Brady,R,Texas?8,"April 11, 1955","January 3, 1997",,,,1,,,,0,3
39,Ron Kind,D,Wisconsin?3,"March 16, 1963","January 3, 1997",,,,1,,,,0,3
41,Bill Pascrell,D,New Jersey?9,"January 25, 1937","January 3, 1997",,,,,,,,1,0
36,Danny K. Davis,D,Illinois?7,"September 6, 1941","January 3, 1997",,,,,,,,1,0
38,Kay Granger,R,Texas?12,"January 18, 1943","January 3, 1997",,,,,,,,1,0
42,Brad Sherman,D,California?30,"October 24, 1954","January 3, 1997",,,,,,,,1,0
52,Pete Sessions,R,Texas?17,"March 22, 1955","January 3, 1997",,,,,,,,1,0
37,Diana DeGette,D,Colorado?1,"July 29, 1957","January 3, 1997",,,,,,,,1,0
40,Jim McGovern,D,Massachusetts?2,"November 20, 1959","January 3, 1997",,,,,,,,1,0
43,Adam Smith,D,Washington?9,"June 15, 1965","January 3, 1997",,,,,,,,1,0
34,Robert Aderholt,R,Alabama?4,"July 22, 1965","January 3, 1997",,,,,,,,1,0
44,Gregory Meeks,D,New York?5,"September 25, 1953","February 3, 1998",,,,,,,,1,0
,Lois Capps,D,California?24,"January 10, 1938","March 10, 1998","January 3, 2017",,,1,,,,0,3
45,Barbara Lee,D,California?13,"July 16, 1946","April 7, 1998",,,,,,,,1,0
,Bob Brady,D,Pennsylvania?1,"April 7, 1945","May 19, 1998","January 3, 2019",,,1,,,,0,3
,Lee Terry,R,Nebraska?2,"January 29, 1962","January 3, 1999","January 3, 2015",,,,,,1,0,6
,John Culberson,R,Texas?7,"August 24, 1956","January 3, 1999","January 3, 2019",,,,,,1,0,6
,Mike Capuano,D,Massachusetts?7,"January 9, 1952","January 3, 1999","January 3, 2019",,,,,1,,0,5
,Joe Crowley,D,New York?14,"March 16, 1962","January 3, 1999","January 3, 2019",,,,,1,,0,5
,Rush Holt Jr.,D,New Jersey?12,"October 15, 1948","January 3, 1999","January 3, 2015",,,1,,,,0,3
,Gary Miller,R,California?31,"October 16, 1948","January 3, 1999","January 3, 2015",,,1,,,,0,3
,Pat Tiberi,R,Ohio?12,"October 21, 1962","January 3, 1999","January 15, 2018",,,1,,,,0,3
,Paul Ryan,R,Wisconsin?1,"January 29, 1970","January 3, 1999","January 3, 2019",,,1,,,,0,3
,Greg Walden,R,Oregon?2,"January 10, 1957","January 3, 1999","January 3, 2021",,,1,,,,0,3
48,Grace Napolitano,D,California?32,"December 4, 1936","January 3, 1999",,,,,,,,1,0
49,Jan Schakowsky,D,Illinois?9,"May 26, 1944","January 3, 1999",,,,,,,,1,0
47,John B. Larson,D,Connecticut?1,"July 22, 1948","January 3, 1999",,,,,,,,1,0
50,Mike Simpson,R,Idaho?2,"September 8, 1950","January 3, 1999",,,,,,,,1,0
51,Mike Thompson,D,California?5,"January 24, 1951","January 3, 1999",,,,,,,,1,0
,Mike Honda,D,California?17,"June 27, 1941","January 3, 2001","January 3, 2017",,,,,,1,0,6
,Eric Cantor,R,Virginia?7,"June 6, 1963","January 3, 2001","January 3, 2015",,,,,1,,0,5
,Lacy Clay,D,Missouri?1,"July 27, 1956","January 3, 2001","January 3, 2021",,,,,1,,0,5
,Shelley Moore Capito,R,West Virginia?2,"November 26, 1953","January 3, 2001","January 3, 2015",,,,1,,,0,4
,Jim Matheson,D,Utah?4,"September 1, 1944","January 3, 2001","January 3, 2015",,,1,,,,0,3
,Ander Crenshaw,R,Florida?4,"September 1, 1944","January 3, 2001","January 3, 2017",,,1,,,,0,3
,Steve Israel,D,New York?3,"May 30, 1958","January 3, 2001","January 3, 2017",,,1,,,,0,3
,Susan Davis,D,California?53,"April 13, 1944","January 3, 2001","January 3, 2021",,,1,,,,0,3
54,James Langevin,D,Rhode Island?2,"April 22, 1964","January 3, 2001",,,,1,,,,0,3
73,Darrell Issa,R,California?50,"November 1, 1953","January 3, 2001",,,,,,,,1,0
56,Betty McCollum,D,Minnesota?4,"July 12, 1954","January 3, 2001",,,,,,,,1,0
57,Adam Schiff,D,California?28,"June 22, 1960","January 3, 2001",,,,,,,,1,0
53,Sam Graves,R,Missouri?6,"November 7, 1963","January 3, 2001",,,,,,,,1,0
55,Rick Larsen,D,Washington?2,"June 15, 1965","January 3, 2001",,,,,,,,1,0
,Marsha Blackburn,R,Tennessee?7,"June 6, 1952","May 15, 2001","January 3, 2019",,,,1,,,0,4
,Charlie Dent,R,Pennsylvania?15,"May 24, 1960","May 15, 2001","May 12, 2018",,,1,,,,0,3
,Ted Poe,R,Texas?2,"September 10, 1948","May 15, 2001","January 3, 2019",,,1,,,,0,3
,Dave Reichert,R,Washington?8,"August 29, 1950","May 15, 2001","January 3, 2019",,,1,,,,0,3
,Jeb Hensarling,R,Texas?5,"May 29, 1957","May 15, 2001","January 3, 2019",,,1,,,,0,3
,Bill Shuster,R,Pennsylvania?9,"January 10, 1961","May 15, 2001","January 3, 2019",,,1,,,,0,3
,Tom Price,R,Georgia?6,"October 8, 1954","May 15, 2001","February 10, 2017",,1,,,,,0,2
,Tim Murphy,R,Pennsylvania?18,"September 11, 1952","May 15, 2001","October 21, 2017",,1,,,,,0,2
,Trent Franks,R,Arizona?8,"June 19, 1957","May 15, 2001","December 8, 2017",,1,,,,,0,2
,Randy Forbes,R,Virginia?4,"February 17, 1952","June 19, 2001","January 3, 2017",,,,,1,,0,5
,Jeff Miller,R,Florida?1,"June 27, 1959","October 16, 2001","January 3, 2017",,,1,,,,0,3
58,Stephen F. Lynch,D,Massachusetts?8,"March 31, 1955","October 16, 2001",,,,,,,,1,0
59,Joe Wilson,R,South Carolina?2,"July 31, 1947","December 18, 2001",,,,,,,,1,0
,Rodney Alexander,R,Louisiana?5,"December 5, 1946","January 3, 2003","September 26, 2013",,1,,,,,0,2
,Tim Bishop,D,New York?1,"June 1, 1950","January 3, 2003","January 3, 2015",,,,,,1,0,6
,Scott Garrett,R,New Jersey?5,"July 9, 1959","January 3, 2003","January 3, 2017",,,,,,1,0,6
,Steve King,R,Iowa?4,"May 28, 1949","January 3, 2003","January 3, 2021",,,,,1,,0,5
,Phil Gingrey,R,Georgia?11,"July 10, 1942","January 3, 2003","January 3, 2015",,,,1,,,0,4
,Mike Michaud,D,Maine?2,"January 18, 1955","January 3, 2003","January 3, 2015",,,,1,,,0,4
,Chris Van Hollen,D,Maryland?8,"January 10, 1959","January 3, 2003","January 3, 2017",,,,1,,,0,4
,Rob Bishop,R,Utah?1,"July 13, 1951","January 3, 2003","January 3, 2021",,,,1,,,0,4
68,Tim Ryan,D,Ohio?13,"July 16, 1973","January 3, 2003",,,,,1,,,0,4
,Jim Gerlach,R,Pennsylvania?6,"February 25, 1955","January 3, 2003","January 3, 2015",,,1,,,,0,3
,Candice Miller,R,Michigan?10,"May 7, 1954","January 3, 2003","December 31, 2016",,,1,,,,0,3
,John Kline,R,Minnesota?2,"September 6, 1947","January 3, 2003","January 3, 2017",,,1,,,,0,3
15,Jim Cooper,D,Tennessee?5,"June 19, 1954","January 3, 2003",,,,1,,,,0,3
,Jo Bonner,R,Alabama?1,"November 19, 1959","January 3, 2003","August 2, 2013",,1,,,,,0,2
65,Devin Nunes,R,California?22,"October 1, 1973","January 3, 2003","December 31, 2021",,1,,,,,0,2
61,John Carter,R,Texas?31,"November 6, 1941","January 3, 2003",,,,,,,,1,0
70,David Scott,D,Georgia?13,"June 27, 1945","January 3, 2003",,,,,,,,1,0
67,Dutch Ruppersberger,D,Maryland?2,"January 31, 1946","January 3, 2003",,,,,,,,1,0
64,Ra?l Grijalva,D,Arizona?3,"February 19, 1948","January 3, 2003",,,,,,,,1,0
62,Tom Cole,R,Oklahoma?4,"April 28, 1949","January 3, 2003",,,,,,,,1,0
60,Michael C. Burgess,R,Texas?26,"December 23, 1950","January 3, 2003",,,,,,,,1,0
66,Mike Rogers,R,Alabama?3,"July 16, 1958","January 3, 2003",,,,,,,,1,0
71,Mike Turner,R,Ohio?10,"January 11, 1960","January 3, 2003",,,,,,,,1,0
63,Mario D?az-Balart,R,Florida?25,"September 25, 1961","January 3, 2003",,,,,,,,1,0
69,Linda S?nchez,D,California?38,"January 28, 1969","January 3, 2003",,,,,,,,1,0
,Randy Neugebauer,R,Texas?19,"December 24, 1949","June 3, 2003","January 3, 2017",,,1,,,,0,3
72,G. K. Butterfield,D,North Carolina?1,"April 27, 1947","July 20, 2004",,,,1,,,,0,3
,John Barrow,D,Georgia?12,"October 31, 1955","January 3, 2005","January 3, 2015",,,,,,1,0,6
,Dan Lipinski,D,Illinois?3,"July 15, 1966","January 3, 2005","January 3, 2021",,,,,1,,0,5
,Allyson Schwartz,D,Pennsylvania?13,"October 3, 1948","January 3, 2005","January 3, 2015",,,,1,,,0,4
,Charles Boustany,R,Louisiana?3,"February 21, 1956","January 3, 2005","January 3, 2017",,,,1,,,0,4
79,Louie Gohmert,R,Texas?1,"August 18, 1953","January 3, 2005",,,,,1,,,0,4
,Lynn Westmoreland,R,Georgia?3,"April 2, 1950","January 3, 2005","January 3, 2017",,,1,,,,0,3
,Mike Conaway,R,Texas?11,"June 11, 1948","January 3, 2005","January 3, 2021",,,1,,,,0,3
,Kenny Marchant,R,Texas?24,"February 23, 1951","January 3, 2005","January 3, 2021",,,1,,,,0,3
77,Jeff Fortenberry,R,Nebraska?1,"December 27, 1960","January 3, 2005","March 31, 2022",,1,,,,,0,2
78,Virginia Foxx,R,North Carolina?5,"June 29, 1943","January 3, 2005",,,,,,,,1,0
74,Emanuel Cleaver,D,Missouri?5,"October 26, 1944","January 3, 2005",,,,,,,,1,0
80,Al Green,D,Texas?9,"September 1, 1947","January 3, 2005",,,,,,,,1,0
85,Gwen Moore,D,Wisconsin?4,"April 18, 1951","January 3, 2005",,,,,,,,1,0
75,Jim Costa,D,California?16,"April 13, 1952","January 3, 2005",,,,,,,,1,0
76,Henry Cuellar,D,Texas?28,"September 19, 1955","January 3, 2005",,,,,,,,1,0
81,Brian Higgins,D,New York?26,"October 6, 1959","January 3, 2005",,,,,,,,1,0
82,Michael McCaul,R,Texas?10,"January 14, 1962","January 3, 2005",,,,,,,,1,0
86,Debbie Wasserman Schultz,D,Florida?23,"September 27, 1966","January 3, 2005",,,,,,,,1,0
84,Cathy McMorris Rodgers,R,Washington?5,"May 22, 1969","January 3, 2005",,,,,,,,1,0
83,Patrick McHenry,R,North Carolina?10,"October 22, 1975","January 3, 2005",,,,,,,,1,0
87,Doris Matsui,D,California?6,"September 25, 1944","March 8, 2005",,,,,,,,1,0
,John Campbell,R,California?45,"July 19, 1955","December 6, 2005","January 3, 2015",,,1,,,,0,3
88,Albio Sires,D,New Jersey?8,"January 26, 1951","November 7, 2006",,,,1,,,,0,3
,Bruce Braley,D,Iowa?1,"October 30, 1957","January 3, 2007","January 3, 2015",,,,1,,,0,4
103,Peter Welch,D,Vermont?AL,"February 3, 1959","January 3, 2007",,,,,1,,,0,4
,Michele Bachmann,R,Minnesota?6,"April 6, 1956","January 3, 2007","January 3, 2015",,,1,,,,0,3
,Dave Loebsack,D,Iowa?2,"December 23, 1952","January 3, 2007","January 3, 2021",,,1,,,,0,3
104,John Yarmuth,D,Kentucky?3,"November 4, 1947","January 3, 2007",,,,1,,,,0,3
99,Jerry McNerney,D,California?9,"June 18, 1951","January 3, 2007",,,,1,,,,0,3
100,Ed Perlmutter,D,Colorado?7,"May 1, 1953","January 3, 2007",,,,1,,,,0,3
93,Steve Cohen,D,Tennessee?9,"May 24, 1949","January 3, 2007",,,,,,,,1,0
90,Vern Buchanan,R,Florida?16,"May 8, 1951","January 3, 2007",,,,,,,,1,0
94,Joe Courtney,D,Connecticut?2,"April 6, 1953","January 3, 2007",,,,,,,,1,0
97,Doug Lamborn,R,Colorado?5,"May 24, 1954","January 3, 2007",,,,,,,,1,0
95,Hank Johnson,D,Georgia?4,"October 2, 1954","January 3, 2007",,,,,,,,1,0
101,John Sarbanes,D,Maryland?3,"May 22, 1962","January 3, 2007",,,,,,,,1,0
89,Gus Bilirakis,R,Florida?12,"February 8, 1963","January 3, 2007",,,,,,,,1,0
96,Jim Jordan,R,Ohio?4,"February 17, 1964","January 3, 2007",,,,,,,,1,0
92,Yvette Clarke,D,New York?9,"November 21, 1964","January 3, 2007",,,,,,,,1,0
98,Kevin McCarthy,R,California?23,"January 26, 1965","January 3, 2007",,,,,,,,1,0
91,Kathy Castor,D,Florida?14,"August 20, 1966","January 3, 2007",,,,,,,,1,0
102,Adrian Smith,R,Nebraska?3,"December 19, 1970","January 3, 2007",,,,,,,,1,0
,Paul Broun,R,Georgia?10,"May 14, 1946","July 17, 2007","January 3, 2015",,,,1,,,0,4
,Niki Tsongas,D,Massachusetts?3,"April 26, 1946","October 16, 2007","January 3, 2019",,,1,,,,0,3
106,Rob Wittman,R,Virginia?1,"May 2, 1947","December 11, 2007",,,,,,,,1,0
105,Bob Latta,R,Ohio?5,"April 18, 1956","December 11, 2007",,,,,,,,1,0
107,Andr? Carson,D,Indiana?7,"October 16, 1974","March 11, 2008",,,,,,,,1,0
108,Jackie Speier,D,California?14,"May 14, 1950","April 8, 2008",,,,1,,,,0,3
109,Steve Scalise,R,Louisiana?1,"October 6, 1965","May 3, 2008",,,,,,,,1,0
,Donna Edwards,D,Maryland?4,"June 28, 1958","June 17, 2008","January 3, 2017",,,,1,,,0,4
110,Marcia Fudge,D,Ohio?11,"October 29, 1952","November 18, 2008","March 10, 2021",,1,,,,,0,2
,Kevin Yoder,R,Kansas?3,"January 8, 1976","January 3, 2009","January 3, 2019",,,,,,1,0,6
,Jeff Denham,R,California?10,"July 29, 1967","January 3, 2009","January 3, 2019",,,,,,1,0,6
,Randy Hultgren,R,Illinois?14,"March 1, 1966","January 3, 2009","January 3, 2019",,,,,,1,0,6
,Erik Paulsen,R,Minnesota?3,"May 14, 1965","January 3, 2009","January 3, 2019",,,,,,1,0,6
,Mike Coffman,R,Colorado?6,"March 19, 1955","January 3, 2009","January 3, 2019",,,,,,1,0,6
,Leonard Lance,R,New Jersey?7,"June 25, 1952","January 3, 2009","January 3, 2019",,,,,,1,0,6
118,Kurt Schrader,D,Oregon?5,"October 19, 1951","January 3, 2009",,,,,,1,,0,5
,Bill Cassidy,R,Louisiana?6,"September 28, 1957","January 3, 2009","January 3, 2015",,,,1,,,0,4
,Gary Peters,D,Michigan?14,"December 1, 1958","January 3, 2009","January 3, 2015",,,,1,,,0,4
,John Fleming,R,Louisiana?4,"July 5, 1951","January 3, 2009","January 3, 2017",,,,1,,,0,4
,Mick Mulvaney,R,South Carolina?5,"July 21, 1967","January 3, 2009","February 16, 2017",,,,1,,,0,4
,Jared Polis,D,Colorado?2,"May 12, 1975","January 3, 2009","January 3, 2019",,,,1,,,0,4
,Kristi Noem,R,South Dakota?AL,"November 30, 1971","January 3, 2009","January 3, 2019",,,,1,,,0,4
,Todd Rokita,R,Indiana?4,"February 9, 1970","January 3, 2009","January 3, 2019",,,,1,,,0,4
,Raul Labrador,R,Idaho?1,"December 8, 1967","January 3, 2009","January 3, 2019",,,,1,,,0,4
,Jim Renacci,R,Ohio?16,"December 3, 1958","January 3, 2009","January 3, 2019",,,,1,,,0,4
,Lou Barletta,R,Pennsylvania?11,"January 28, 1956","January 3, 2009","January 3, 2019",,,,1,,,0,4
,Diane Black,R,Tennessee?6,"January 16, 1951","January 3, 2009","January 3, 2019",,,,1,,,0,4
,Ben Ray Luj?n,D,New Mexico?3,"June 7, 1972","January 3, 2009","January 3, 2021",,,,1,,,0,4
,Cynthia Lummis,R,Wyoming?at-large,"September 10, 1954","January 3, 2009","January 3, 2017",,,1,,,,0,3
,Pat Meehan,R,Pennsylvania?7,"October 20, 1955","January 3, 2009","April 27, 2018",,,1,,,,0,3
,Tom Rooney,R,Florida?17,"November 21, 1970","January 3, 2009","January 3, 2019",,,1,,,,0,3
,Trey Gowdy,R,South Carolina?4,"August 22, 1964","January 3, 2009","January 3, 2019",,,1,,,,0,3
,Lynn Jenkins,R,Kansas?2,"June 10, 1963","January 3, 2009","January 3, 2019",,,1,,,,0,3
,Gregg Harper,R,Mississippi?3,"June 1, 1956","January 3, 2009","January 3, 2019",,,1,,,,0,3
,Dennis Ross,R,Florida?15,"October 18, 1959","January 3, 2009","January 3, 2019",,,1,,,,0,3
,Phil Roe,R,Tennessee?1,"July 21, 1945","January 3, 2009","January 3, 2021",,,1,,,,0,3
,Pete Olson,R,Texas?22,"December 9, 1962","January 3, 2009","January 3, 2021",,,1,,,,0,3
,Aaron Schock,R,Illinois?18,"May 28, 1981","January 3, 2009","March 31, 2015",,1,,,,,0,2
,Blake Farenthold,R,Texas?27,"December 12, 1961","January 3, 2009","April 6, 2018",,1,,,,,0,2
,Jason Chaffetz,R,Utah?3,"March 26, 1967","January 3, 2009","January 3, 2019",,1,,,,,0,2
,Duncan D. Hunter,R,California?50,"December 7, 1976","January 3, 2009","January 13, 2020",,1,,,,,0,2
117,Bill Posey,R,Florida?8,"December 18, 1947","January 3, 2009",,,,,,,,1,0
120,Paul Tonko,D,New York?20,"June 18, 1949","January 3, 2009",,,,,,,,1,0
111,Gerry Connolly,D,Virginia?11,"March 30, 1950","January 3, 2009",,,,,,,,1,0
114,Blaine Luetkemeyer,R,Missouri?3,"May 7, 1952","January 3, 2009",,,,,,,,1,0
116,Chellie Pingree,D,Maine?1,"April 2, 1955","January 3, 2009",,,,,,,,1,0
115,Tom McClintock,R,California?4,"July 10, 1956","January 3, 2009",,,,,,,,1,0
119,Glenn Thompson,R,Pennsylvania?15,"July 27, 1959","January 3, 2009",,,,,,,,1,0
112,Brett Guthrie,R,Kentucky?2,"February 18, 1964","January 3, 2009",,,,,,,,1,0
113,Jim Himes,D,Connecticut?4,"July 5, 1966","January 3, 2009",,,,,,,,1,0
121,Mike Quigley,D,Illinois?5,"October 17, 1958","April 7, 2009",,,,,,,,1,0
122,Judy Chu,D,California?27,"July 7, 1953","July 14, 2009",,,,,,,,1,0
,Bill Owens,D,New York?21,"October 22, 1950","November 3, 2009","January 3, 2015",,,,1,,,0,4
123,John Garamendi,D,California?3,"January 24, 1945","November 3, 2009",,,,,,,,1,0
124,Ted Deutch,D,Florida?22,"May 7, 1966","April 13, 2010",,,,1,,,,0,3
,Tom Graves,R,Georgia?14,"February 3, 1970","June 8, 2010","October 4, 2020",,1,,,,,0,2
,Marlin Stutzman,R,Indiana?3,"August 31, 1976","November 2, 2010","January 3, 2017",,,,1,,,0,4
125,Tom Reed,R,New York?23,"November 18, 1971","November 2, 2010","May 10, 2022",,1,,,,,0,2
,Michael Grimm,R,New York?11,"February 7, 1970","January 3, 2011","January 5, 2015",,1,,,,,0,2
,Steve Southerland,R,Florida?2,"October 10, 1965","January 3, 2011","January 3, 2015",,,,,,1,0,6
,Peter Roskam,R,Illinois?6,"September 13, 1961","January 3, 2011","January 3, 2019",,,,,,1,0,6
,Tim Huelskamp,R,Kansas?1,"November 11, 1968","January 3, 2011","January 3, 2017",,,,,1,,0,5
,Renee Ellmers,R,North Carolina?2,"February 9, 1964","January 3, 2011","January 3, 2017",,,,,1,,0,5
,Scott Tipton,R,Colorado?3,"November 9, 1956","January 3, 2011","January 3, 2021",,,,,1,,0,5
149,David McKinley,R,West Virginia?1,"March 28, 1947","January 3, 2011",,,,,,1,,0,5
150,Steven Palazzo,R,Mississippi?4,"February 21, 1970","January 3, 2011",,,,,,1,,0,5
142,Jaime Herrera Beutler,R,Washington?3,"November 3, 1978","January 3, 2011",,,,,,1,,0,5
,James Lankford,R,Oklahoma?5,"March 4, 1968","January 3, 2011","January 3, 2015",,,,1,,,0,4
,Cory Gardner,R,Colorado?4,"August 22, 1974","January 3, 2011","January 3, 2015",,,,1,,,0,4
,Tim Griffin,R,Arkansas?2,"August 21, 1968","January 3, 2011","January 3, 2015",,,,1,,,0,4
,Todd Young,R,Indiana?9,"August 24, 1972","January 3, 2011","January 3, 2017",,,,1,,,0,4
,Joe Heck,R,Nevada?3,"October 30, 1961","January 3, 2011","January 3, 2017",,,,1,,,0,4
,John Carney,D,Delaware?at-large,"May 20, 1956","January 3, 2011","January 3, 2017",,,,1,,,0,4
,Mike Pompeo,R,Kansas?4,"December 30, 1963","January 3, 2011","January 23, 2017",,,,1,,,0,4
,Keith Ellison,D,Minnesota?5,"August 4, 1963","January 3, 2011","January 3, 2019",,,,1,,,0,4
,Steve Pearce,R,New Mexico?2,"August 24, 1947","January 3, 2011","January 3, 2019",,,,1,,,0,4
129,Karen Bass,D,California?37,"October 3, 1953","January 3, 2011",,,,,1,,,0,4
130,Mo Brooks,R,Alabama?5,"April 29, 1954","January 3, 2011",,,,,1,,,0,4
148,Billy Long,R,Missouri?7,"August 11, 1955","January 3, 2011",,,,,1,,,0,4
141,Vicky Hartzler,R,Missouri?4,"October 13, 1960","January 3, 2011",,,,,1,,,0,4
,Jon Runyan Sr.,R,New Jersey?3,"November 27, 1973","January 3, 2011","January 3, 2015",,,1,,,,0,3
,Stephen Fincher,R,Tennessee?8,"February 7, 1973","January 3, 2011","January 3, 2017",,,1,,,,0,3
,Robert Hurt,R,Virginia?5,"June 16, 1969","January 3, 2011","January 3, 2017",,,1,,,,0,3
,Chris Gibson,R,New York?19,"May 13, 1964","January 3, 2011","January 3, 2017",,,1,,,,0,3
,Mike Fitzpatrick,R,Pennsylvania?8,"June 28, 1963","January 3, 2011","January 3, 2017",,,1,,,,0,3
,Scott Rigell,R,Virginia?2,"May 28, 1960","January 3, 2011","January 3, 2017",,,1,,,,0,3
,Reid Ribble,R,Wisconsin?8,"April 5, 1956","January 3, 2011","January 3, 2017",,,1,,,,0,3
,Dan Benishek,R,Michigan?1,"April 20, 1952","January 3, 2011","January 3, 2017",,,1,,,,0,3
,Rich Nugent,R,Florida?11,"May 26, 1951","January 3, 2011","January 3, 2017",,,1,,,,0,3
,Richard L. Hanna,R,New York?22,"November 4, 1971","January 3, 2011","January 3, 2017",,,1,,,,0,3
,Tim Walz,D,Minnesota?1,"April 6, 1964","January 3, 2011","January 3, 2019",,,1,,,,0,3
,Bill Flores,R,Texas?17,"February 25, 1954","January 3, 2011","January 3, 2021",,,1,,,,0,3
,Rob Woodall,R,Georgia?7,"February 11, 1970","January 3, 2011","January 3, 2021",,,1,,,,0,3
,Martha Roby,R,Alabama?2,"July 26, 1976","January 3, 2011","January 3, 2021",,,1,,,,0,3
,Justin Amash,R,Michigan?3,"April 18, 1980","January 3, 2011","January 3, 2021",,,1,,,,0,3
137,Bob Gibbs,R,Ohio?7,"June 14, 1954","January 3, 2011",,,,1,,,,0,3
147,Adam Kinzinger,R,Illinois?16,"February 27, 1978","January 3, 2011",,,,1,,,,0,3
,Tom Marino,R,Pennsylvania?12,"August 13, 1952","January 3, 2011","January 23, 2019",,1,,,,,0,2
,Sean Duffy,R,Wisconsin?7,"October 3, 1971","January 3, 2011","September 23, 2019",,1,,,,,0,2
151,Cedric Richmond,D,Louisiana?2,"September 13, 1973","January 3, 2011","January 15, 2021",,1,,,,,0,2
155,Steve Stivers,R,Ohio?15,"March 24, 1965","January 3, 2011","May 16, 2021",,1,,,,,0,2
,Alan Nunnelee,R,Mississippi?1,"October 9, 1958","January 3, 2011","February 6, 2015",1,,,,,,0,1
157,Frederica Wilson,D,Florida?24,"November 5, 1942","January 3, 2011",,,,,,,,1,0
146,Mike Kelly,R,Pennsylvania?16,"May 10, 1948","January 3, 2011",,,,,,,,1,0
156,Daniel Webster,R,Florida?11,"April 27, 1949","January 3, 2011",,,,,,,,1,0
126,Tim Walberg,R,Michigan?7,"April 12, 1951","January 3, 2011",,,,,,,,1,0
145,Bill Keating,D,Massachusetts?9,"September 6, 1952","January 3, 2011",,,,,,,,1,0
144,Bill Johnson,R,Ohio?6,"November 10, 1954","January 3, 2011",,,,,,,,1,0
140,Andy Harris,R,Maryland?1,"January 25, 1957","January 3, 2011",,,,,,,,1,0
158,Steve Womack,R,Arkansas?3,"February 18, 1957","January 3, 2011",,,,,,,,1,0
139,Morgan Griffith,R,Virginia?9,"March 15, 1958","January 3, 2011",,,,,,,,1,0
138,Paul Gosar,R,Arizona?4,"November 27, 1958","January 3, 2011",,,,,,,,1,0
132,David Cicilline,D,Rhode Island?1,"July 15, 1961","January 3, 2011",,,,,,,,1,0
152,David Schweikert,R,Arizona?6,"March 3, 1962","January 3, 2011",,,,,,,,1,0
131,Larry Bucshon,R,Indiana?8,"May 31, 1962","January 3, 2011",,,,,,,,1,0
136,Chuck Fleischmann,R,Tennessee?3,"October 11, 1962","January 3, 2011",,,,,,,,1,0
134,Scott DesJarlais,R,Tennessee?4,"February 21, 1964","January 3, 2011",,,,,,,,1,0
154,Terri Sewell,D,Alabama?7,"January 1, 1965","January 3, 2011",,,,,,,,1,0
135,Jeff Duncan,R,South Carolina?3,"January 7, 1966","January 3, 2011",,,,,,,,1,0
133,Rick Crawford,R,Arkansas?1,"January 22, 1966","January 3, 2011",,,,,,,,1,0
143,Bill Huizenga,R,Michigan?2,"January 31, 1969","January 3, 2011",,,,,,,,1,0
153,Austin Scott,R,Georgia?8,"December 10, 1969","January 3, 2011",,,,,,,,1,0
,Janice Hahn,D,California?44,"March 30, 1952","July 12, 2011","December 4, 2016",,,,1,,,0,4
159,Mark Amodei,R,Nevada?2,"June 12, 1958","September 13, 2011",,,,,,,,1,0
160,Suzanne Bonamici,D,Oregon?1,"October 14, 1954","January 31, 2012",,,,,,,,1,0
,Ron Barber,D,Arizona?2,"August 25, 1945","June 12, 2012","January 3, 2015",,,,,,1,0,6
163,Donald Payne Jr.,D,New Jersey?10,"December 17, 1958","November 6, 2012",,,,,,,,1,0
161,Suzan DelBene,D,Washington?1,"February 17, 1962","November 6, 2012",,,,,,,,1,0
162,Thomas Massie,R,Kentucky?4,"January 13, 1971","November 6, 2012",,,,,,,,1,0
,Dan Maffei,D,New York?24,"July 4, 1968","January 3, 2013","January 3, 2015",,,,,,1,0,6
,Joe Garcia,D,Florida?26,"October 12, 1963","January 3, 2013","January 3, 2015",,,,,,1,0,6
,Pete Gallego,D,Texas?23,"December 2, 1961","January 3, 2013","January 3, 2015",,,,,,1,0,6
,William Enyart,D,Illinois?12,"September 22, 1949","January 3, 2013","January 3, 2015",,,,,,1,0,6
184,Sean Patrick Maloney,D,New York?18,"July 30, 1966","January 3, 2013",,,,,,,1,0,6
,Kerry Bentivolio,R,Michigan?11,"October 6, 1951","January 3, 2013","January 3, 2015",,,,,1,,0,5
190,Tom Rice,R,South Carolina?7,"August 4, 1957","January 3, 2013",,,,,,1,,0,5
173,Rodney Davis,R,Illinois?13,"January 5, 1970","January 3, 2013",,,,,,1,,0,5
,Steve Daines,R,Montana AL,"August 21, 1962","January 3, 2013","January 3, 2015",,,,1,,,0,4
,Tom Cotton,R,Arkansas?4,"May 13, 1977","January 3, 2013","January 3, 2015",,,,1,,,0,4
,Steve Stockman,R,Texas?36,"November 14, 1956","January 3, 2013","January 3, 2015",,,,1,,,0,4
,Gloria Negrete McLeod,D,California?35,"September 6, 1941","January 3, 2013","January 3, 2015",,,,1,,,0,4
,Tammy Duckworth,D,Illinois?8,"March 12, 1968","January 3, 2013","January 3, 2017",,,,1,,,0,4
,Patrick Murphy,D,Florida?18,"October 19, 1973","January 3, 2013","January 3, 2017",,,,1,,,0,4
,Alan Grayson,D,Florida?9,"March 13, 1958","January 3, 2013","January 3, 2017",,,,1,,,0,4
,Mark Meadows,R,North Carolina?11,"July 28, 1959","January 3, 2013","March 30, 2020",,,,1,,,0,4
,Paul Cook,R,California?8,"March 3, 1943","January 3, 2013","December 7, 2020",,,,1,,,0,4
,Denny Heck,D,Washington?10,"July 29, 1952","January 3, 2013","January 3, 2021",,,,1,,,0,4
,Doug Collins,R,Georgia?9,"August 16, 1966","January 3, 2013","January 3, 2021",,,,1,,,0,4
,Joe Kennedy III,D,Massachusetts?4,"October 4, 1980","January 3, 2013","January 3, 2021",,,,1,,,0,4
,Tulsi Gabbard,D,Hawaii?2,"April 12, 1981","January 3, 2013","January 3, 2021",,,,1,,,0,4
186,Markwayne Mullin,R,Oklahoma?2,"July 26, 1977","January 3, 2013",,,,,1,,,0,4
,Matt Salmon,R,Arizona?5,"January 21, 1958","January 3, 2013","January 3, 2017",,,1,,,,0,3
,Rick Nolan,D,Minnesota?8,"December 17, 1943","January 3, 2013","January 3, 2019",,,1,,,,0,3
,Susan Brooks,R,Indiana?5,"August 25, 1960","January 3, 2013","January 3, 2021",,,1,,,,0,3
,George Holding,R,North Carolina?2,"April 17, 1968","January 3, 2013","January 3, 2021",,,1,,,,0,3
,Ted Yoho,R,Florida?3,"April 13, 1955","January 3, 2013","January 3, 2021",,,1,,,,0,3
183,Alan Lowenthal,D,California?47,"March 8, 1941","January 3, 2013",,,,1,,,,0,3
169,Cheri Bustos,D,Illinois?17,"October 17, 1961","January 3, 2013",,,,1,,,,0,3
,Trey Radel,R,Florida?19,"April 20, 1976","January 3, 2013","January 27, 2014",,1,,,,,0,2
,Chris Collins,R,New York?27,"May 20, 1950","January 3, 2013","October 1, 2019",,1,,,,,0,2
197,Filemon Vela Jr.,D,Texas?34,"February 13, 1963","January 3, 2013","April 1, 2022",,1,,,,,0,2
199,Jackie Walorski,R,Indiana?2,"August 17, 1963","January 3, 2013","August 3, 2022",,1,,,,,0,2
174,Lois Frankel,D,Florida?21,"May 16, 1948","January 3, 2013",,,,,,,,1,0
202,Roger Williams,R,Texas?25,"September 13, 1949","January 3, 2013",,,,,,,,1,0
166,Joyce Beatty,D,Ohio?3,"March 12, 1950","January 3, 2013",,,,,,,,1,0
164,Dina Titus,D,Nevada?1,"May 23, 1950","January 3, 2013",,,,,,,,1,0
168,Julia Brownley,D,California?26,"August 28, 1952","January 3, 2013",,,,,,,,1,0
200,Randy Weber,R,Texas?14,"July 2, 1953","January 3, 2013",,,,,,,,1,0
127,Bill Foster,D,Illinois?11,"October 7, 1955","January 3, 2013",,,,,,,,1,0
181,Annie Kuster,D,New Hampshire?2,"September 5, 1956","January 3, 2013",,,,,,,,1,0
178,David Joyce,R,Ohio?14,"March 17, 1957","January 3, 2013",,,,,,,,1,0
188,Scott Peters,D,California?52,"June 17, 1958","January 3, 2013",,,,,,,,1,0
201,Brad Wenstrup,R,Ohio?2,"June 17, 1958","January 3, 2013",,,,,,,,1,0
179,Dan Kildee,D,Michigan?5,"August 11, 1958","January 3, 2013",,,,,,,,1,0
182,Doug LaMalfa,R,California?1,"July 2, 1960","January 3, 2013",,,,,,,,1,0
192,Chris Stewart,R,Utah?2,"July 15, 1960","January 3, 2013",,,,,,,,1,0
194,Mark Takano,D,California?41,"December 10, 1960","January 3, 2013",,,,,,,,1,0
195,Juan Vargas,D,California?51,"March 7, 1961","January 3, 2013",,,,,,,,1,0
171,Matt Cartwright,D,Pennsylvania?8,"May 1, 1961","January 3, 2013",,,,,,,,1,0
187,Scott Perry,R,Pennsylvania?10,"May 27, 1962","January 3, 2013",,,,,,,,1,0
198,Ann Wagner,R,Missouri?2,"September 13, 1962","January 3, 2013",,,,,,,,1,0
170,Tony C?rdenas,D,California?29,"March 31, 1963","January 3, 2013",,,,,,,,1,0
176,Jared Huffman,D,California?2,"February 18, 1964","January 3, 2013",,,,,,,,1,0
189,Mark Pocan,D,Wisconsin?2,"August 14, 1964","January 3, 2013",,,,,,,,1,0
167,Ami Bera,D,California?7,"March 2, 1965","January 3, 2013",,,,,,,,1,0
177,Hakeem Jeffries,D,New York?8,"August 4, 1970","January 3, 2013",,,,,,,,1,0
196,Marc Veasey,D,Texas?33,"January 3, 1971","January 3, 2013",,,,,,,,1,0
175,Richard Hudson,R,North Carolina?8,"November 4, 1971","January 3, 2013",,,,,,,,1,0
191,Raul Ruiz,D,California?36,"August 25, 1972","January 3, 2013",,,,,,,,1,0
165,Andy Barr,R,Kentucky?6,"July 24, 1973","January 3, 2013",,,,,,,,1,0
180,Derek Kilmer,D,Washington?6,"January 1, 1974","January 3, 2013",,,,,,,,1,0
172,Joaquin Castro,D,Texas?20,"September 16, 1974","January 3, 2013",,,,,,,,1,0
185,Grace Meng,D,New York?6,"October 1, 1975","January 3, 2013",,,,,,,,1,0
193,Eric Swalwell,D,California?15,"November 16, 1980","January 3, 2013",,,,,,,,1,0
203,Robin Kelly,D,Illinois?2,"April 30, 1956","April 9, 2013",,,,,,,,1,0
,Mark Sanford,R,South Carolina?1,"May 28, 1960","May 7, 2013","January 3, 2019",,,,,1,,0,5
204,Jason Smith,R,Missouri?8,"June 16, 1980","June 4, 2013",,,,,,,,1,0
,Vance McAllister,R,Louisiana?5,"January 7, 1974","November 16, 2013","January 3, 2015",,,,,1,,0,5
205,Katherine Clark,D,Massachusetts?5,"July 17, 1963","December 10, 2013",,,,,,,,1,0
,Bradley Byrne,R,Alabama?1,"February 16, 1955","December 17, 2013","January 3, 2021",,,,1,,,0,4
,David Jolly,R,Florida?13,"October 31, 1972","March 11, 2014","January 3, 2017",,,,,,1,0,6
,Curt Clawson,R,Florida?19,"September 28, 1959","June 24, 2014","January 3, 2017",,,1,,,,0,3
206,Alma Adams,D,North Carolina?12,"May 27, 1946","November 4, 2014",,,,,,,,1,0
207,Donald Norcross,D,New Jersey?1,"December 13, 1958","November 4, 2014",,,,,,,,1,0
,Frank Guinta,R,New Hampshire?1,"September 26, 1970","January 3, 2015","January 3, 2017",,,,,,1,0,6
,Bob Dold,R,Illinois?10,"June 23, 1969","January 3, 2015","January 3, 2017",,,,,,1,0,6
,Cresent Hardy,R,Nevada?4,"June 23, 1957","January 3, 2015","January 3, 2017",,,,,,1,0,6
,Brad Ashford,D,Nebraska?2,"November 10, 1949","January 3, 2015","January 3, 2017",,,,,,1,0,6
,John Ratcliffe,R,Texas?4,"October 20, 1965","January 3, 2015","May 22, 2020",,,,1,,,0,4
224,Jody Hice,R,Georgia?10,"April 22, 1960","January 3, 2015",,,,,1,,,0,4
241,Lee Zeldin,R,New York?1,"January 30, 1980","January 3, 2015",,,,,1,,,0,4
,Gwen Graham,D,Florida?2,"January 31, 1963","January 3, 2015","January 3, 2017",,,1,,,,0,3
,Ralph Abraham,R,Louisiana?5,"September 16, 1954","January 3, 2015","January 3, 2021",,,1,,,,0,3
,Mark Walker,R,North Carolina?6,"May 20, 1969","January 3, 2015","January 3, 2021",,,1,,,,0,3
,Will Hurd,R,Texas?23,"August 19, 1977","January 3, 2015","January 3, 2021",,,1,,,,0,3
227,Brenda Lawrence,D,Michigan?14,"October 18, 1954","January 3, 2015",,,,1,,,,0,3
226,John Katko,R,New York?24,"November 9, 1962","January 3, 2015",,,,1,,,,0,3
235,Kathleen Rice,D,New York?4,"February 15, 1965","January 3, 2015",,,,1,,,,0,3
,Mark Takai,D,Hawaii?1,"July 1, 1967","January 3, 2015","July 20, 2016",1,,,,,,0,1
239,Bonnie Watson Coleman,D,New Jersey?12,"February 6, 1945","January 3, 2015",,,,,,,,1,0
212,Brian Babin,R,Texas?36,"March 23, 1948","January 3, 2015",,,,,,,,1,0
213,Don Beyer,D,Virginia?8,"June 20, 1950","January 3, 2015",,,,,,,,1,0
211,Rick W. Allen,R,Georgia?12,"November 7, 1951","January 3, 2015",,,,,,,,1,0
218,Mark DeSaulnier,D,California?11,"March 31, 1952","January 3, 2015",,,,,,,,1,0
219,Debbie Dingell,D,Michigan?12,"November 23, 1953","January 3, 2015",,,,,,,,1,0
234,Gary Palmer,R,Alabama?6,"May 14, 1954","January 3, 2015",,,,,,,,1,0
223,Glenn Grothman,R,Wisconsin?6,"July 3, 1955","January 3, 2015",,,,,,,,1,0
233,Dan Newhouse,R,Washington?4,"July 10, 1955","January 3, 2015",,,,,,,,1,0
225,French Hill,R,Arkansas?2,"December 5, 1956","January 3, 2015",,,,,,,,1,0
217,Buddy Carter,R,Georgia?1,"September 6, 1957","January 3, 2015",,,,,,,,1,0
216,Ken Buck,R,Colorado?4,"February 16, 1959","January 3, 2015",,,,,,,,1,0
214,Mike Bost,R,Illinois?12,"December 30, 1960","January 3, 2015",,,,,,,,1,0
220,Tom Emmer,R,Minnesota?6,"March 3, 1961","January 3, 2015",,,,,,,,1,0
230,John Moolenaar,R,Michigan?4,"May 8, 1961","January 3, 2015",,,,,,,,1,0
229,Barry Loudermilk,R,Georgia?11,"December 22, 1963","January 3, 2015",,,,,,,,1,0
238,Norma Torres,D,California?35,"April 23, 1965","January 3, 2015",,,,,,,,1,0
240,Bruce Westerman,R,Arkansas?4,"November 18, 1967","January 3, 2015",,,,,,,,1,0
228,Ted Lieu,D,California?33,"March 29, 1969","January 3, 2015",,,,,,,,1,0
231,Alex Mooney,R,West Virginia?2,"June 7, 1971","January 3, 2015",,,,,,,,1,0
222,Garret Graves,R,Louisiana?6,"January 31, 1972","January 3, 2015",,,,,,,,1,0
236,David Rouzer,R,North Carolina?7,"February 16, 1972","January 3, 2015",,,,,,,,1,0
215,Brendan Boyle,D,Pennsylvania?2,"February 6, 1977","January 3, 2015",,,,,,,,1,0
232,Seth Moulton,D,Massachusetts?6,"October 24, 1978","January 3, 2015",,,,,,,,1,0
210,Pete Aguilar,D,California?31,"June 19, 1979","January 3, 2015",,,,,,,,1,0
221,Ruben Gallego,D,Arizona?7,"November 20, 1979","January 3, 2015",,,,,,,,1,0
237,Elise Stefanik,R,New York?21,"July 2, 1984","January 3, 2015",,,,,,,,1,0
,Scott Taylor,R,Virginia?2,"June 27, 1979","May 5, 2015","January 3, 2019",,,,,,1,0,6
,Dan Donovan,R,New York?11,"November 6, 1956","May 5, 2015","January 3, 2019",,,,,,1,0,6
,Jason Lewis,R,Minnesota?2,"September 23, 1955","May 5, 2015","January 3, 2019",,,,,,1,0,6
,John Faso,R,New York?19,"August 25, 1952","May 5, 2015","January 3, 2019",,,,,,1,0,6
,Jacky Rosen,D,Nevada?3,"August 2, 1957","May 5, 2015","January 3, 2019",,,,1,,,0,4
,Tom Garrett,R,Virginia?5,"March 27, 1972","May 5, 2015","January 3, 2019",,,,1,,,0,4
,Ruben Kihuen,D,Nevada?4,"April 25, 1980","May 5, 2015","January 3, 2019",,,1,,,,0,3
242,Trent Kelly,R,Mississippi?1,"March 1, 1966","June 2, 2015",,,,,,,,1,0
243,Darin LaHood,R,Illinois?18,"July 5, 1968","September 10, 2015",,,,,,,,1,0
244,Warren Davidson,R,Ohio?8,"March 1, 1970","June 7, 2016",,,,,,,,1,0
,Colleen Hanabusa,D,Hawaii?1,"May 4, 1951","November 8, 2016","January 3, 2019",,,,1,,,0,4
246,Dwight Evans,D,Pennsylvania?3,"May 16, 1954","November 8, 2016",,,,,,,,1,0
245,James Comer,R,Kentucky?1,"August 19, 1972","November 8, 2016",,,,,,,,1,0
,Carlos Curbelo,R,Florida?26,"March 1, 1980","January 3, 2017","January 3, 2019",,,,,,1,0,6
,Mia Love,R,Utah?4,"December 6, 1975","January 3, 2017","January 3, 2019",,,,,,1,0,6
,David Young,R,Iowa?3,"May 11, 1968","January 3, 2017","January 3, 2019",,,,,,1,0,6
,Mike Bishop,R,Michigan?8,"March 18, 1967","January 3, 2017","January 3, 2019",,,,,,1,0,6
,Steve Knight,R,California?25,"December 17, 1966","January 3, 2017","January 3, 2019",,,,,,1,0,6
,Dave Brat,R,Virginia?7,"July 27, 1964","January 3, 2017","January 3, 2019",,,,,,1,0,6
,Steve Russell,R,Oklahoma?5,"May 25, 1963","January 3, 2017","January 3, 2019",,,,,,1,0,6
,Mimi Walters,R,California?45,"May 14, 1962","January 3, 2017","January 3, 2019",,,,,,1,0,6
,Keith Rothfus,R,Pennsylvania?12,"April 25, 1962","January 3, 2017","January 3, 2019",,,,,,1,0,6
,Tom MacArthur,R,New Jersey?3,"October 16, 1960","January 3, 2017","January 3, 2019",,,,,,1,0,6
,Barbara Comstock,R,Virginia?10,"June 30, 1959","January 3, 2017","January 3, 2019",,,,,,1,0,6
,Rod Blum,R,Iowa?1,"April 26, 1955","January 3, 2017","January 3, 2019",,,,,,1,0,6
,Bruce Poliquin,R,Maine?2,"November 1, 1953","January 3, 2017","January 3, 2019",,,,,,1,0,6
282,Tom O'Halleran,D,Arizona?1,"January 24, 1946","January 3, 2017",,,,,,,1,0,6
278,Al Lawson,D,Florida?5,"September 23, 1948","January 3, 2017",,,,,,,1,0,6
,Robert Pittenger,R,North Carolina?9,"August 15, 1948","January 3, 2017","January 3, 2019",,,,,1,,0,5
259,Liz Cheney,R,Wyoming?AL,"July 28, 1966","January 3, 2017",,,,,,1,,0,5
,Ryan Zinke,R,Montana?AL,"November 1, 1961","January 3, 2017","March 1, 2017",,,,1,,,0,4
,Jim Bridenstine,R,Oklahoma?1,"June 15, 1975","January 3, 2017","April 23, 2018",,,,1,,,0,4
,Ron DeSantis,R,Florida?6,"September 14, 1978","January 3, 2017","September 10, 2018",,,,1,,,0,4
,Evan Jenkins,R,West Virginia?3,"September 12, 1960","January 3, 2017","September 30, 2018",,,,1,,,0,4
,Kevin Cramer,R,North Dakota?AL,"January 21, 1961","January 3, 2017","January 3, 2019",,,,1,,,0,4
,Martha McSally,R,Arizona?2,"July 22, 1966","January 3, 2017","January 3, 2019",,,,1,,,0,4
,Kyrsten Sinema,D,Arizona?9,"December 7, 1976","January 3, 2017","January 3, 2019",,,,1,,,0,4
,Luke Messer,R,Indiana?6,"February 27, 1969","January 3, 2017","January 3, 2019",,,,1,,,0,4
,John Delaney,D,Maryland?6,"April 16, 1963","January 3, 2017","January 3, 2019",,,,1,,,0,4
,Michelle Lujan Grisham,D,New Mexico?1,"October 24, 1959","January 3, 2017","January 3, 2019",,,,1,,,0,4
,Roger Marshall,R,Kansas?1,"August 9, 1960","January 3, 2017","January 3, 2021",,,,1,,,0,4
262,Val Demings,D,Florida?10,"March 12, 1957","January 3, 2017",,,,,1,,,0,4
256,Anthony Brown,D,Maryland?4,"November 21, 1961","January 3, 2017",,,,,1,,,0,4
288,Thomas Suozzi,D,New York?3,"August 31, 1962","January 3, 2017",,,,,1,,,0,4
257,Ted Budd,R,North Carolina?13,"October 21, 1971","January 3, 2017",,,,,1,,,0,4
,Ryan Costello,R,Pennsylvania?6,"September 7, 1976","January 3, 2017","January 3, 2019",,,1,,,,0,3
,Beto O'Rourke,D,Texas?16,"September 26, 1972","January 3, 2017","January 3, 2019",,,1,,,,0,3
,Dave Trott,R,Michigan?11,"October 16, 1960","January 3, 2017","January 3, 2019",,,1,,,,0,3
,Elizabeth Esty,D,Connecticut?5,"August 25, 1959","January 3, 2017","January 3, 2019",,,1,,,,0,3
,Carol Shea-Porter,D,New Hampshire?1,"December 2, 1952","January 3, 2017","January 3, 2019",,,1,,,,0,3
,Francis Rooney,R,Florida?19,"December 4, 1953","January 3, 2017","January 3, 2021",,,1,,,,0,3
,Paul Mitchell,R,Michigan?10,"November 14, 1956","January 3, 2017","January 3, 2021",,,1,,,,0,3
281,Stephanie Murphy,D,Florida?7,"September 16, 1978","January 3, 2017",,,,1,,,,0,3
272,Trey Hollingsworth,R,Indiana?9,"September 12, 1983","January 3, 2017",,,,1,,,,0,3
261,Charlie Crist,D,Florida?13,"July 24, 1956","January 3, 2017","August 31, 2022",,1,,,,,0,2
253,Jack Bergman,R,Michigan?1,"February 2, 1947","January 3, 2017",,,,,,,,1,0
285,John Rutherford,R,Florida?4,"September 2, 1952","January 3, 2017",,,,,,,,1,0
263,Neal Dunn,R,Florida?2,"February 16, 1953","January 3, 2017",,,,,,,,1,0
264,Adriano Espaillat,D,New York?13,"September 27, 1954","January 3, 2017",,,,,,,,1,0
260,Lou Correa,D,California?46,"January 24, 1958","January 3, 2017",,,,,,,,1,0
254,Andy Biggs,R,Arizona?5,"November 7, 1958","January 3, 2017",,,,,,,,1,0
247,Brad Schneider,D,Illinois?10,"August 20, 1961","January 3, 2017",,,,,,,,1,0
271,Clay Higgins,R,Louisiana?3,"August 24, 1961","January 3, 2017",,,,,,,,1,0
280,Donald McEachin,D,Virginia?4,"October 10, 1961","January 3, 2017",,,,,,,,1,0
255,Lisa Blunt Rochester,D,Delaware?AL,"February 10, 1962","January 3, 2017",,,,,,,,1,0
284,Jamie Raskin,D,Maryland?8,"December 13, 1962","January 3, 2017",,,,,,,,1,0
250,Don Bacon,R,Nebraska?2,"August 16, 1963","January 3, 2017",,,,,,,,1,0
286,Lloyd Smucker,R,Pennsylvania?11,"January 23, 1964","January 3, 2017",,,,,,,,1,0
258,Salud Carbajal,D,California?24,"November 18, 1964","January 3, 2017",,,,,,,,1,0
273,Pramila Jayapal,D,Washington?7,"September 21, 1965","January 3, 2017",,,,,,,,1,0
277,David Kustoff,R,Tennessee?8,"October 8, 1966","January 3, 2017",,,,,,,,1,0
265,Drew Ferguson,R,Georgia?3,"November 15, 1966","January 3, 2017",,,,,,,,1,0
269,Vicente Gonzalez,D,Texas?15,"September 4, 1967","January 3, 2017",,,,,,,,1,0
283,Jimmy Panetta,D,California?20,"October 1, 1969","January 3, 2017",,,,,,,,1,0
274,Mike Johnson,R,Louisiana?4,"January 30, 1972","January 3, 2017",,,,,,,,1,0
249,Jodey Arrington,R,Texas?19,"March 9, 1972","January 3, 2017",,,,,,,,1,0
276,Raja Krishnamoorthi,D,Illinois?8,"July 19, 1973","January 3, 2017",,,,,,,,1,0
266,Brian Fitzpatrick,R,Pennsylvania?1,"December 17, 1973","January 3, 2017",,,,,,,,1,0
270,Josh Gottheimer,D,New Jersey?5,"March 8, 1975","January 3, 2017",,,,,,,,1,0
275,Ro Khanna,D,California?17,"September 13, 1976","January 3, 2017",,,,,,,,1,0
252,Nanette Barrag?n,D,California?44,"September 15, 1976","January 3, 2017",,,,,,,,1,0
287,Darren Soto,D,Florida?9,"February 25, 1978","January 3, 2017",,,,,,,,1,0
251,Jim Banks,R,Indiana?3,"July 16, 1979","January 3, 2017",,,,,,,,1,0
279,Brian Mast,R,Florida?18,"July 10, 1980","January 3, 2017",,,,,,,,1,0
267,Matt Gaetz,R,Florida?1,"May 7, 1982","January 3, 2017",,,,,,,,1,0
268,Mike Gallagher,R,Wisconsin?8,"March 3, 1984","January 3, 2017",,,,,,,,1,0
289,Ron Estes,R,Kansas?4,"July 19, 1956","April 11, 2017",,,,,,,,1,0
290,Jimmy Gomez,D,California?34,"November 25, 1974","June 6, 2017",,,,,,,,1,0
,Karen Handel,R,Georgia?6,"April 18, 1962","June 20, 2017","January 3, 2019",,,,,,1,0,6
,Brenda Jones,D,Michigan?13,"October 24, 1959","June 20, 2017","January 3, 2019",,,,,,1,0,6
291,Ralph Norman,R,South Carolina?5,"June 20, 1953","June 20, 2017",,,,,,,,1,0
,Greg Gianforte,R,Montana?AL,"April 17, 1961","June 21, 2017","January 3, 2021",,,,1,,,0,4
292,John Curtis,R,Utah?3,"May 10, 1960","November 7, 2017",,,,,,,,1,0
293,Conor Lamb,D,Pennsylvania?17,"June 27, 1984","March 13, 2018",,,,,1,,,0,4
294,Debbie Lesko,R,Arizona?8,"November 14, 1958","April 24, 2018",,,,,,,,1,0
295,Michael Cloud,R,Texas?27,"May 13, 1975","June 30, 2018",,,,,,,,1,0
296,Troy Balderson,R,Ohio?12,"January 16, 1962","August 7, 2018",,,,,,,,1,0
298,Joseph Morelle,D,New York?25,"April 29, 1957","November 6, 2018",,,,,,,,1,0
300,Susan Wild,D,Pennsylvania?7,"June 7, 1957","November 6, 2018",,,,,,,,1,0
299,Mary Gay Scanlon,D,Pennsylvania?5,"August 30, 1959","November 6, 2018",,,,,,,,1,0
297,Kevin Hern,R,Oklahoma?1,"December 4, 1961","November 6, 2018",,,,,,,,1,0
,Donna Shalala,D,Florida?27,"February 14, 1941","January 3, 2019","January 3, 2021",,,,,,1,0,6
,Harley Rouda,D,California?48,"December 10, 1961","January 3, 2019","January 3, 2021",,,,,,1,0,6
,TJ Cox,D,California?21,"July 18, 1963","January 3, 2019","January 3, 2021",,,,,,1,0,6
,Debbie Mucarsel-Powell,D,Florida?26,"January 18, 1971","January 3, 2019","January 3, 2021",,,,,,1,0,6
,Gil Cisneros,D,California?39,"February 12, 1971","January 3, 2019","January 3, 2021",,,,,,1,0,6
,Ben McAdams,D,Utah?4,"December 5, 1974","January 3, 2019","January 3, 2021",,,,,,1,0,6
,Kendra Horn,D,Oklahoma?5,"June 9, 1976","January 3, 2019","January 3, 2021",,,,,,1,0,6
,Anthony Brindisi,D,New York?22,"November 22, 1978","January 3, 2019","January 3, 2021",,,,,,1,0,6
,Xochitl Torres Small,D,New Mexico?2,"November 15, 1984","January 3, 2019","January 3, 2021",,,,,,1,0,6
,Max Rose,D,New York?11,"November 28, 1986","January 3, 2019","January 3, 2021",,,,,,1,0,6
,Abby Finkenauer,D,Iowa?1,"December 27, 1988","January 3, 2019","January 3, 2021",,,,,,1,0,6
,Joe Cunningham,D,South Carolina?1,"May 26, 1982","January 3, 2019","January 3, 2021",,,,,,1,0,6
304,Cindy Axne,D,Iowa?3,"April 20, 1965","January 3, 2019",,,,,,,1,0,6
337,Tom Malinowski,D,New Jersey?7,"September 15, 1965","January 3, 2019",,,,,,,1,0,6
336,Elaine Luria,D,Virginia?2,"August 15, 1975","January 3, 2019",,,,,,,1,0,6
,Ross Spano,R,Florida?15,"July 16, 1966","January 3, 2019","January 3, 2021",,,,,1,,0,5
,Denver Riggleman,R,Virginia?5,"March 17, 1970","January 3, 2019","January 3, 2021",,,,,1,,0,5
,Steve Watkins,R,Kansas?2,"September 18, 1978","January 3, 2019","January 3, 2021",,,,,1,,0,5
334,Andy Levin,D,Michigan?9,"August 10, 1960","January 3, 2019",,,,,,1,,0,5
208,Ann Kirkpatrick,D,Arizona?2,"March 24, 1950","January 3, 2019",,,,1,,,,0,3
361,Van Taylor,R,Texas?3,"August 1, 1972","January 3, 2019",,,,1,,,,0,3
321,Anthony Gonzalez,R,Ohio?16,"September 18, 1984","January 3, 2019",,,,1,,,,0,3
,Katie Hill,D,California?25,"August 25, 1987","January 3, 2019","November 3, 2019",,1,,,,,0,2
370,Ron Wright,R,Texas?6,"April 8, 1953","January 3, 2019","February 7, 2021",,1,,,,,0,2
325,Deb Haaland,D,New Mexico?1,"December 2, 1960","January 3, 2019","March 16, 2021",,1,,,,,0,2
326,Jim Hagedorn,R,Minnesota?1,"August 4, 1962","January 3, 2019","February 17, 2022",,1,,,,,0,2
314,Antonio Delgado,D,New York?19,"January 28, 1977","January 3, 2019","May 25, 2022",,1,,,,,0,2
305,Jim Baird,R,Indiana?4,"June 4, 1945","January 3, 2019",,,,,,,,1,0
319,Sylvia Garcia,D,Texas?29,"September 6, 1950","January 3, 2019",,,,,,,,1,0
340,Carol Miller,R,West Virginia?3,"November 4, 1950","January 3, 2019",,,,,,,,1,0
209,Ed Case,D,Hawaii?1,"September 27, 1952","January 3, 2019",,,,,,,,1,0
367,Jeff Van Drew,R,New Jersey?2,"February 23, 1953","January 3, 2019",,,,,,,,1,0
365,David Trone,D,Maryland?6,"September 21, 1955","January 3, 2019",,,,,,,,1,0
318,Chuy Garc?a,D,Illinois?4,"April 12, 1956","January 3, 2019",,,,,,,,1,0
345,Greg Pence,R,Indiana?6,"November 14, 1956","January 3, 2019",,,,,,,,1,0
331,John Joyce,R,Pennsylvania?13,"February 8, 1957","January 3, 2019",,,,,,,,1,0
313,Madeleine Dean,D,Pennsylvania?4,"June 6, 1959","January 3, 2019",,,,,,,,1,0
338,Lucy McBath,D,Georgia?6,"June 1, 1960","January 3, 2019",,,,,,,,1,0
317,Russ Fulcher,R,Idaho?1,"March 9, 1962","January 3, 2019",,,,,,,,1,0
339,Dan Meuser,R,Pennsylvania?9,"February 10, 1964","January 3, 2019",,,,,,,,1,0
306,Tim Burchett,R,Tennessee?2,"August 25, 1964","January 3, 2019",,,,,,,,1,0
323,Mark Green,R,Tennessee?7,"November 8, 1964","January 3, 2019",,,,,,,,1,0
350,John Rose,R,Tennessee?6,"February 23, 1965","January 3, 2019",,,,,,,,1,0
357,Pete Stauber,R,Minnesota?8,"May 10, 1966","January 3, 2019",,,,,,,,1,0
333,Susie Lee,D,Nevada?3,"November 7, 1966","January 3, 2019",,,,,,,,1,0
329,Chrissy Houlahan,D,Pennsylvania?6,"June 5, 1967","January 3, 2019",,,,,,,,1,0
369,Jennifer Wexton,D,Virginia?10,"May 27, 1968","January 3, 2019",,,,,,,,1,0
352,Kim Schrier,D,Washington?8,"August 23, 1968","January 3, 2019",,,,,,,,1,0
346,Dean Phillips,D,Minnesota?3,"January 20, 1969","January 3, 2019",,,,,,,,1,0
315,Veronica Escobar,D,Texas?16,"September 15, 1969","January 3, 2019",,,,,,,,1,0
324,Michael Guest,R,Mississippi?3,"February 4, 1970","January 3, 2019",,,,,,,,1,0
356,Greg Stanton,D,Arizona?9,"March 8, 1970","January 3, 2019",,,,,,,,1,0
307,Sean Casten,D,Illinois?6,"November 23, 1971","January 3, 2019",,,,,,,,1,0
353,Mikie Sherrill,D,New Jersey?11,"January 19, 1972","January 3, 2019",,,,,,,,1,0
309,Angie Craig,D,Minnesota?2,"February 14, 1972","January 3, 2019",,,,,,,,1,0
308,Ben Cline,R,Virginia?6,"February 29, 1972","January 3, 2019",,,,,,,,1,0
351,Chip Roy,R,Texas?21,"August 7, 1972","January 3, 2019",,,,,,,,1,0
328,Jahana Hayes,D,Connecticut?5,"March 8, 1973","January 3, 2019",,,,,,,,1,0
301,Steven Horsford,D,Nevada?4,"April 29, 1973","January 3, 2019",,,,,,,,1,0
364,Lori Trahan,D,Massachusetts?3,"October 27, 1973","January 3, 2019",,,,,,,,1,0
347,Katie Porter,D,California?45,"January 3, 1974","January 3, 2019",,,,,,,,1,0
368,Michael Waltz,R,Florida?6,"January 31, 1974","January 3, 2019",,,,,,,,1,0
348,Ayanna Pressley,D,Massachusetts?7,"February 3, 1974","January 3, 2019",,,,,,,,1,0
316,Lizzie Fletcher,D,Texas?7,"February 13, 1975","January 3, 2019",,,,,,,,1,0
354,Elissa Slotkin,D,Michigan?8,"July 10, 1976","January 3, 2019",,,,,,,,1,0
363,Rashida Tlaib,D,Michigan?13,"July 24, 1976","January 3, 2019",,,,,,,,1,0
330,Dusty Johnson,R,South Dakota?AL,"September 30, 1976","January 3, 2019",,,,,,,,1,0
303,Kelly Armstrong,R,North Dakota?AL,"October 8, 1976","January 3, 2019",,,,,,,,1,0
359,Greg Steube,R,Florida?17,"May 19, 1978","January 3, 2019",,,,,,,,1,0
335,Mike Levin,D,California?49,"October 20, 1978","January 3, 2019",,,,,,,,1,0
311,Jason Crow,D,Colorado?6,"March 15, 1979","January 3, 2019",,,,,,,,1,0
355,Abigail Spanberger,D,Virginia?7,"August 7, 1979","January 3, 2019",,,,,,,,1,0
312,Sharice Davids,D,Kansas?3,"May 22, 1980","January 3, 2019",,,,,,,,1,0
344,Chris Pappas,D,New Hampshire?1,"June 4, 1980","January 3, 2019",,,,,,,,1,0
358,Bryan Steil,R,Wisconsin?1,"March 3, 1981","January 3, 2019",,,,,,,,1,0
332,Andy Kim,D,New Jersey?3,"July 12, 1982","January 3, 2019",,,,,,,,1,0
320,Jared Golden,D,Maine?2,"July 25, 1982","January 3, 2019",,,,,,,,1,0
343,Ilhan Omar,D,Minnesota?5,"October 4, 1982","January 3, 2019",,,,,,,,1,0
322,Lance Gooden,R,Texas?5,"December 1, 1982","January 3, 2019",,,,,,,,1,0
302,Colin Allred,D,Texas?32,"April 15, 1983","January 3, 2019",,,,,,,,1,0
349,Guy Reschenthaler,R,Pennsylvania?14,"April 17, 1983","January 3, 2019",,,,,,,,1,0
360,Haley Stevens,D,Michigan?11,"June 24, 1983","January 3, 2019",,,,,,,,1,0
310,Dan Crenshaw,R,Texas?2,"March 14, 1984","January 3, 2019",,,,,,,,1,0
362,William Timmons,R,South Carolina?4,"April 30, 1984","January 3, 2019",,,,,,,,1,0
341,Joe Neguse,D,Colorado?2,"May 13, 1984","January 3, 2019",,,,,,,,1,0
327,Josh Harder,D,California?10,"August 1, 1986","January 3, 2019",,,,,,,,1,0
366,Lauren Underwood,D,Illinois?14,"October 4, 1986","January 3, 2019",,,,,,,,1,0
342,Alexandria Ocasio-Cortez,D,New York?14,"October 13, 1989","January 3, 2019",,,,,,,,1,0
371,Fred Keller,R,Pennsylvania?12,"October 23, 1965","May 21, 2019",,,,1,,,,0,3
373,Greg Murphy,R,North Carolina?3,"March 5, 1963","September 10, 2019",,,,,,,,1,0
372,Dan Bishop,R,North Carolina?9,"July 1, 1964","September 10, 2019",,,,,,,,1,0
128,Kweisi Mfume,D,Maryland?7,"October 24, 1948","April 28, 2020",,,,,,,,1,0
375,Tom Tiffany,R,Wisconsin?7,"December 30, 1957","May 12, 2020",,,,,,,,1,0
374,Mike Garcia,R,California?25,"April 24, 1976","May 12, 2020",,,,,,,,1,0
376,Chris Jacobs,R,New York?27,"November 28, 1966","June 23, 2020",,,,1,,,,0,3
,Kwanza Hall,D,Georgia?5,"May 1, 1971","December 1, 2020","January 3, 2021",,,,1,,,0,4
401,Yvette Herrell,R,New Mexico?2,"March 16, 1964","January 3, 2021",,,,,,,1,0,6
,Mayra Flores,R,Texas?34,"January 1, 1986","January 3, 2021",,,,,,,1,0,6
422,Marie Newman,D,Illinois?3,"April 13, 1964","January 3, 2021",,,,,,1,,0,5
382,Carolyn Bourdeaux,D,Georgia?7,"June 3, 1970","January 3, 2021",,,,,,1,,0,5
405,Mondaire Jones,D,New York?17,"May 18, 1987","January 3, 2021",,,,,,1,,0,5
415,Peter Meijer,R,Michigan?3,"January 10, 1988","January 3, 2021",,,,,,1,,0,5
387,Madison Cawthorn,R,North Carolina?11,"August 1, 1995","January 3, 2021",,,,,,1,,0,5
406,Kai Kahele,D,Hawaii?2,"March 28, 1974","January 3, 2021",,,,,1,,,0,4
424,Burgess Owens,R,Utah?4,"August 2, 1951","January 3, 2021",,,,,,,,1,0
379,Cliff Bentz,R,Oregon?2,"January 12, 1952","January 3, 2021",,,,,,,,1,0
396,Carlos Gim?nez,R,Florida?26,"January 17, 1954","January 3, 2021",,,,,,,,1,0
430,Michelle Steel,R,California?48,"June 21, 1955","January 3, 2021",,,,,,,,1,0
417,Mariannette Miller-Meeks,R,Iowa?2,"September 6, 1955","January 3, 2021",,,,,,,,1,0
413,Kathy Manning,D,North Carolina?6,"December 3, 1956","January 3, 2021",,,,,,,,1,0
386,Jerry Carl,R,Alabama?1,"June 17, 1958","January 3, 2021",,,,,,,,1,0
409,Teresa Leger Fernandez,D,New Mexico?3,"July 1, 1959","January 3, 2021",,,,,,,,1,0
416,Mary Miller,R,Illinois?15,"August 7, 1959","January 3, 2021",,,,,,,,1,0
400,Diana Harshbarger,R,Tennessee?1,"January 1, 1960","January 3, 2021",,,,,,,,1,0
426,Matt Rosendale,R,Montana?AL,"July 7, 1960","January 3, 2021",,,,,,,,1,0
428,Mar?a Elvira Salazar,R,Florida?27,"November 1, 1961","January 3, 2021",,,,,,,,1,0
431,Marilyn Strickland,D,Washington?10,"September 25, 1962","January 3, 2021",,,,,,,,1,0
407,Young Kim,R,California?39,"October 18, 1962","January 3, 2021",,,,,,,,1,0
427,Deborah Ross,D,North Carolina?2,"June 20, 1963","January 3, 2021",,,,,,,,1,0
393,Scott Fitzgerald,R,Wisconsin?5,"November 16, 1963","January 3, 2021",,,,,,,,1,0
388,Andrew Clyde,R,Georgia?9,"November 22, 1963","January 3, 2021",,,,,,,,1,0
394,Scott Franklin,R,Florida?15,"August 23, 1964","January 3, 2021",,,,,,,,1,0
398,Bob Good,R,Virginia?5,"September 11, 1965","January 3, 2021",,,,,,,,1,0
392,Michelle Fischbach,R,Minnesota?7,"November 3, 1965","January 3, 2021",,,,,,,,1,0
414,Lisa McClain,R,Michigan?10,"April 7, 1966","January 3, 2021",,,,,,,,1,0
418,Barry Moore,R,Alabama?2,"September 26, 1966","January 3, 2021",,,,,,,,1,0
403,Ronny Jackson,R,Texas?13,"May 4, 1967","January 3, 2021",,,,,,,,1,0
390,Pat Fallon,R,Texas?4,"December 19, 1967","January 3, 2021",,,,,,,,1,0
421,Troy Nehls,R,Texas?22,"April 7, 1968","January 3, 2021",,,,,,,,1,0
391,Randy Feenstra,R,Iowa?4,"January 14, 1969","January 3, 2021",,,,,,,,1,0
420,Frank Mrvan,D,Indiana?1,"April 16, 1969","January 3, 2021",,,,,,,,1,0
423,Jay Obernolte,R,California?8,"August 18, 1970","January 3, 2021",,,,,,,,1,0
433,Beth Van Duyne,R,Texas?24,"November 16, 1970","January 3, 2021",,,,,,,,1,0
380,Stephanie Bice,R,Oklahoma?5,"November 11, 1973","January 3, 2021",,,,,,,,1,0
399,Marjorie Taylor Greene,R,Georgia?14,"May 27, 1974","January 3, 2021",,,,,,,,1,0
383,Jamaal Bowman,D,New York?16,"April 1, 1976","January 3, 2021",,,,,,,,1,0
384,Cori Bush,D,Missouri?1,"July 21, 1976","January 3, 2021",,,,,,,,1,0
412,Tracey Mann,R,Kansas?1,"December 17, 1976","January 3, 2021",,,,,,,,1,0
248,David Valadao,R,California?21,"April 14, 1977","January 3, 2021",,,,,,,,1,0
410,Nancy Mace,R,South Carolina?1,"December 4, 1977","January 3, 2021",,,,,,,,1,0
425,August Pfluger,R,Texas?11,"December 28, 1977","January 3, 2021",,,,,,,,1,0
434,Nikema Williams,D,Georgia?5,"July 30, 1978","January 3, 2021",,,,,,,,1,0
429,Victoria Spartz,R,Indiana?5,"October 6, 1978","January 3, 2021",,,,,,,,1,0
389,Byron Donalds,R,Florida?19,"October 28, 1978","January 3, 2021",,,,,,,,1,0
419,Blake Moore,R,Utah?1,"June 22, 1980","January 3, 2021",,,,,,,,1,0
397,Tony Gonzales,R,Texas?23,"October 10, 1980","January 3, 2021",,,,,,,,1,0
411,Nicole Malliotakis,R,New York?11,"November 11, 1980","January 3, 2021",,,,,,,,1,0
402,Ashley Hinson,R,Iowa?1,"June 27, 1983","January 3, 2021",,,,,,,,1,0
395,Andrew Garbarino,R,New York?2,"September 27, 1984","January 3, 2021",,,,,,,,1,0
381,Lauren Boebert,R,Colorado?3,"December 19, 1986","January 3, 2021",,,,,,,,1,0
378,Jake Auchincloss,D,Massachusetts?4,"January 29, 1988","January 3, 2021",,,,,,,,1,0
385,Kat Cammack,R,Florida?3,"February 16, 1988","January 3, 2021",,,,,,,,1,0
408,Jake LaTurner,R,Kansas?2,"February 17, 1988","January 3, 2021",,,,,,,,1,0
432,Ritchie Torres,D,New York?15,"March 12, 1988","January 3, 2021",,,,,,,,1,0
404,Sara Jacobs,D,California?53,"February 1, 1989","January 3, 2021",,,,,,,,1,0
377,Claudia Tenney,R,New York?22,"February 4, 1961","February 11, 2021",,,,,,,,1,0
,Julia Letlow,R,Louisiana?5,"March 16, 1981","April 14, 2021",,,,,,,,1,0
,Troy Carter,D,Louisiana?2,"October 26, 1963","May 11, 2021",,,,,,,,1,0
,Melanie Stansbury,D,New Mexico?1,"January 31, 1979","June 14, 2021",,,,,,,,1,0
,Jake Ellzey,R,Texas?6,"January 24, 1970","July 30, 2021",,,,,,,,1,0
,Shontel Brown,D,Ohio?11,"June 24, 1975","November 4, 2021",,,,,,,,1,0
,Mike Carey,R,Ohio?15,"March 13, 1971","November 4, 2021",,,,,,,,1,0
,Sheila Cherfilus-McCormick,D,Florida?20,"January 25, 1979","January 18, 2022",,,,,,,,1,0
,Connie Conway,R,California?22,"September 25, 1950","June 14, 2022",,,,1,,,,0,3
,Mike Flood,R,Nebraska?1,"February 23, 1975","July 12, 2022",,,,,,,,1,0
,Brad Finstad,R,Minnesota?1,"May 30, 1976","August 12, 2022",,,,,,,,1,0
,Joe Sempolinski,R,New York?23,"February 10, 1983","September 13, 2022",,,,1,,,,0,3
,Pat Ryan,D,New York?19,"March 28, 1982","September 13, 2022",,,,,,,,1,0
,Mary Peltola,D,Alaska?AL,"August 31, 1973","September 13, 2022",,,,,,,,1,0
,Rudy Yakym,R,Indiana?2,"February 24, 1984","November 14, 2022",,,,,,,,1,0
